quantizer,ef_search,repeat,queries,successful,failed,seconds,qps,recall
sq8,10,0,1000,1000,0,0.135625576,7373.24057521,0.4154
sq8,10,1,1000,1000,0,0.135692478,7369.60526287,0.4154
sq8,10,2,1000,1000,0,0.13612234,7346.33271805,0.4154
sq8,20,0,1000,1000,0,0.203250749,4920.0310696,0.5493
sq8,20,1,1000,1000,0,0.203436714,4915.53358456,0.5493
sq8,20,2,1000,1000,0,0.203078544,4924.20312015,0.5493
sq8,40,0,1000,1000,0,0.319787307,3127.07846156,0.682
sq8,40,1,1000,1000,0,0.321259888,3112.74465737,0.682
sq8,40,2,1000,1000,0,0.32059179,3119.23146878,0.682
sq8,80,0,1000,1000,0,0.540293535,1850.84576294,0.781
sq8,80,1,1000,1000,0,0.5378582,1859.22609342,0.781
sq8,80,2,1000,1000,0,0.537337705,1861.02704257,0.781
sq8,120,0,1000,1000,0,0.744239309,1343.65383272,0.8255
sq8,120,1,1000,1000,0,0.748366425,1336.24380597,0.8255
sq8,120,2,1000,1000,0,0.747729438,1337.38214544,0.8255
sq8,200,0,1000,1000,0,1.150871605,868.906657924,0.8696
sq8,200,1,1000,1000,0,1.152651195,867.565144024,0.8696
sq8,200,2,1000,1000,0,1.1524244,867.735879247,0.8696
sq8,210,0,1000,1000,0,1.200636596,832.891487176,0.8727
sq8,210,1,1000,1000,0,1.200740529,832.819394239,0.8727
sq8,210,2,1000,1000,0,1.194660868,837.057634334,0.8727
sq8,400,0,1000,1000,0,2.064536354,484.370254882,0.9029
sq8,400,1,1000,1000,0,2.069469405,483.215648216,0.9029
sq8,400,2,1000,1000,0,2.069302551,483.254611326,0.9029
sq8,450,0,1000,1000,0,2.282906046,438.038175838,0.9071
sq8,450,1,1000,1000,0,2.290142689,436.654014967,0.9071
sq8,450,2,1000,1000,0,2.287785713,437.103874859,0.9071
sq8,800,0,1000,1000,0,3.707158796,269.748358522,0.9172
sq8,800,1,1000,1000,0,3.7101212,269.532973748,0.9172
sq8,800,2,1000,1000,0,3.710865482,269.478913976,0.9172
sq8,1600,0,1000,1000,0,6.609038999,151.307928452,0.9236
sq8,1600,1,1000,1000,0,6.605553074,151.387777647,0.9236
sq8,1600,2,1000,1000,0,6.606743353,151.360503439,0.9236
sq8,3200,0,1000,1000,0,11.611574618,86.1209640293,0.9281
sq8,3200,1,1000,1000,0,11.600712622,86.2016009347,0.9281
sq8,3200,2,1000,1000,0,11.613031808,86.1101576688,0.9281
sq8,6400,0,1000,1000,0,20.123888155,49.6921863358,0.9294
sq8,6400,1,1000,1000,0,20.12203113,49.6967723357,0.9294
sq8,6400,2,1000,1000,0,20.120913723,49.6995322264,0.9294
sq8,12800,0,1000,1000,0,34.271214636,29.1790066568,0.9303
sq8,12800,1,1000,1000,0,34.398452399,29.0710753031,0.9303
sq8,12800,2,1000,1000,0,34.279196048,29.1722127497,0.9303
sq8_per_vector,10,0,1000,1000,0,0.122667083,8152.14624448,0.4226
sq8_per_vector,10,1,1000,1000,0,0.122886038,8137.62097204,0.4226
sq8_per_vector,10,2,1000,1000,0,0.122771025,8145.24436853,0.4226
sq8_per_vector,20,0,1000,1000,0,0.184095351,5431.96769809,0.5469
sq8_per_vector,20,1,1000,1000,0,0.182666031,5474.47160551,0.5469
sq8_per_vector,20,2,1000,1000,0,0.182333901,5484.44361973,0.5469
sq8_per_vector,40,0,1000,1000,0,0.287803945,3474.58753562,0.6893
sq8_per_vector,40,1,1000,1000,0,0.286490468,3490.51752745,0.6893
sq8_per_vector,40,2,1000,1000,0,0.286643822,3488.65010598,0.6893
sq8_per_vector,80,0,1000,1000,0,0.479861273,2083.93562112,0.7954
sq8_per_vector,80,1,1000,1000,0,0.479108612,2087.20940295,0.7954
sq8_per_vector,80,2,1000,1000,0,0.478838554,2088.38655878,0.7954
sq8_per_vector,120,0,1000,1000,0,0.663548586,1507.04864888,0.8472
sq8_per_vector,120,1,1000,1000,0,0.664425111,1505.06051539,0.8472
sq8_per_vector,120,2,1000,1000,0,0.663416662,1507.34833368,0.8472
sq8_per_vector,200,0,1000,1000,0,1.020761527,979.660746951,0.8978
sq8_per_vector,200,1,1000,1000,0,1.021990592,978.482588615,0.8978
sq8_per_vector,200,2,1000,1000,0,1.028150675,972.620088004,0.8978
sq8_per_vector,210,0,1000,1000,0,1.064725891,939.208869112,0.9016
sq8_per_vector,210,1,1000,1000,0,1.070296007,934.320966779,0.9016
sq8_per_vector,210,2,1000,1000,0,1.06539784,938.616507801,0.9016
sq8_per_vector,400,0,1000,1000,0,1.846754515,541.490486081,0.9458
sq8_per_vector,400,1,1000,1000,0,1.84082095,543.235886141,0.9458
sq8_per_vector,400,2,1000,1000,0,1.847203809,541.358779756,0.9458
sq8_per_vector,450,0,1000,1000,0,2.041821018,489.758892275,0.9527
sq8_per_vector,450,1,1000,1000,0,2.043173077,489.434796913,0.9527
sq8_per_vector,450,2,1000,1000,0,2.036245982,491.099802696,0.9527
sq8_per_vector,800,0,1000,1000,0,3.320501838,301.159297235,0.9692
sq8_per_vector,800,1,1000,1000,0,3.316128014,301.55651283,0.9692
sq8_per_vector,800,2,1000,1000,0,3.318561324,301.335398797,0.9692
sq8_per_vector,1600,0,1000,1000,0,5.926614114,168.730405045,0.9814
sq8_per_vector,1600,1,1000,1000,0,5.932493079,168.563197071,0.9814
sq8_per_vector,1600,2,1000,1000,0,5.929541032,168.64711697,0.9814
sq8_per_vector,3200,0,1000,1000,0,10.461446493,95.5890756282,0.9873
sq8_per_vector,3200,1,1000,1000,0,10.458047219,95.620145813,0.9873
sq8_per_vector,3200,2,1000,1000,0,10.466186786,95.5457819019,0.9873
sq8_per_vector,6400,0,1000,1000,0,18.158418864,55.0708741488,0.9897
sq8_per_vector,6400,1,1000,1000,0,18.22879393,54.8582645588,0.9897
sq8_per_vector,6400,2,1000,1000,0,18.267366685,54.7424276987,0.9897
sq8_per_vector,12800,0,1000,1000,0,31.313144289,31.9354706372,0.9909
sq8_per_vector,12800,1,1000,1000,0,31.348817723,31.8991296206,0.9909
sq8_per_vector,12800,2,1000,1000,0,31.383972245,31.863398049,0.9909
